year,sex,race,education,count
2012,F,Asian/Pacific Islander,BA+,14
2012,F,Asian/Pacific Islander,HS/GED,4
2012,F,Asian/Pacific Islander,Less than HS,3
2012,F,Asian/Pacific Islander,Some college,8
2012,F,Black,BA+,28
2012,F,Black,HS/GED,34
2012,F,Black,Less than HS,19
2012,F,Black,Some college,53
2012,F,Hispanic,BA+,18
2012,F,Hispanic,HS/GED,38
2012,F,Hispanic,Less than HS,17
2012,F,Hispanic,Some college,29
2012,F,Native American/Native Alaskan,BA+,1
2012,F,Native American/Native Alaskan,HS/GED,8
2012,F,Native American/Native Alaskan,Less than HS,4
2012,F,Native American/Native Alaskan,Some college,4
2012,F,White,BA+,475
2012,F,White,HS/GED,959
2012,F,White,Less than HS,312
2012,F,White,Some college,693
2012,M,Asian/Pacific Islander,BA+,67
2012,M,Asian/Pacific Islander,HS/GED,62
2012,M,Asian/Pacific Islander,Less than HS,28
2012,M,Asian/Pacific Islander,Some college,49
2012,M,Black,BA+,83
2012,M,Black,HS/GED,438
2012,M,Black,Less than HS,204
2012,M,Black,Some college,255
2012,M,Hispanic,BA+,73
2012,M,Hispanic,HS/GED,319
2012,M,Hispanic,Less than HS,309
2012,M,Hispanic,Some college,206
2012,M,Native American/Native Alaskan,BA+,12
2012,M,Native American/Native Alaskan,HS/GED,67
2012,M,Native American/Native Alaskan,Less than HS,53
2012,M,Native American/Native Alaskan,Some college,33
2012,M,White,BA+,2786
2012,M,White,HS/GED,6627
2012,M,White,Less than HS,2203
2012,M,White,Some college,3766
2013,F,Asian/Pacific Islander,BA+,12
2013,F,Asian/Pacific Islander,HS/GED,9
2013,F,Asian/Pacific Islander,Less than HS,4
2013,F,Asian/Pacific Islander,Some college,11
2013,F,Black,BA+,20
2013,F,Black,HS/GED,38
2013,F,Black,Less than HS,9
2013,F,Black,Some college,40
2013,F,Hispanic,BA+,17
2013,F,Hispanic,HS/GED,37
2013,F,Hispanic,Less than HS,28
2013,F,Hispanic,Some college,41
2013,F,Native American/Native Alaskan,BA+,3
2013,F,Native American/Native Alaskan,HS/GED,8
2013,F,Native American/Native Alaskan,Less than HS,5
2013,F,Native American/Native Alaskan,Some college,5
2013,F,White,BA+,529
2013,F,White,HS/GED,1091
2013,F,White,Less than HS,252
2013,F,White,Some college,743
2013,M,Asian/Pacific Islander,BA+,81
2013,M,Asian/Pacific Islander,HS/GED,45
2013,M,Asian/Pacific Islander,Less than HS,20
2013,M,Asian/Pacific Islander,Some college,75
2013,M,Black,BA+,109
2013,M,Black,HS/GED,428
2013,M,Black,Less than HS,188
2013,M,Black,Some college,227
2013,M,Hispanic,BA+,84
2013,M,Hispanic,HS/GED,328
2013,M,Hispanic,Less than HS,272
2013,M,Hispanic,Some college,208
2013,M,Native American/Native Alaskan,BA+,6
2013,M,Native American/Native Alaskan,HS/GED,86
2013,M,Native American/Native Alaskan,Less than HS,34
2013,M,Native American/Native Alaskan,Some college,40
2013,M,White,BA+,2929
2013,M,White,HS/GED,6787
2013,M,White,Less than HS,2228
2013,M,White,Some college,3816
2014,F,Asian/Pacific Islander,BA+,11
2014,F,Asian/Pacific Islander,HS/GED,5
2014,F,Asian/Pacific Islander,Less than HS,4
2014,F,Asian/Pacific Islander,Some college,11
2014,F,Black,BA+,30
2014,F,Black,HS/GED,43
2014,F,Black,Less than HS,14
2014,F,Black,Some college,31
2014,F,Hispanic,BA+,17
2014,F,Hispanic,HS/GED,44
2014,F,Hispanic,Less than HS,25
2014,F,Hispanic,Some college,34
2014,F,Native American/Native Alaskan,BA+,2
2014,F,Native American/Native Alaskan,HS/GED,8
2014,F,Native American/Native Alaskan,Less than HS,3
2014,F,Native American/Native Alaskan,Some college,11
2014,F,White,BA+,549
2014,F,White,HS/GED,1039
2014,F,White,Less than HS,272
2014,F,White,Some college,803
2014,M,Asian/Pacific Islander,BA+,67
2014,M,Asian/Pacific Islander,HS/GED,46
2014,M,Asian/Pacific Islander,Less than HS,26
2014,M,Asian/Pacific Islander,Some college,62
2014,M,Black,BA+,109
2014,M,Black,HS/GED,449
2014,M,Black,Less than HS,185
2014,M,Black,Some college,251
2014,M,Hispanic,BA+,85
2014,M,Hispanic,HS/GED,367
2014,M,Hispanic,Less than HS,295
2014,M,Hispanic,Some college,229
2014,M,Native American/Native Alaskan,BA+,6
2014,M,Native American/Native Alaskan,HS/GED,70
2014,M,Native American/Native Alaskan,Less than HS,31
2014,M,Native American/Native Alaskan,Some college,47
2014,M,White,BA+,2924
2014,M,White,HS/GED,6837
2014,M,White,Less than HS,2245
2014,M,White,Some college,3752
